{
    "accuracy": 0.9531821506949525,
    "precision": 0.9144736842105263,
    "recall": 0.7315789473684211
}
